id,species,nlines,X_H,err_X_H,X_FE,err_X_FE
1159108770069883136,C,1,-1.14,0.15,-0.06,0.13
1159108770069883136,N,1,-1.45,0.17,-0.37,0.14
1159108770069883136,Na,1,-1.24,0.14,-0.1,0.13
1159108770069883136,Mg,4,-0.93,0.11,0.16,0.1
1159108770069883136,Si,5,-0.73,0.04,0.35,0.09
1159108770069883136,CaI,17,-0.77,0.08,0.31,0.03
1159108770069883136,ScII,2,-0.96,0.1,0.03,0.1
1159108770069883136,TiI,6,-1.01,0.12,0.07,0.06
1159108770069883136,TiII,6,-0.78,0.05,0.21,0.07
1159108770069883136,CrI,4,-1.08,0.11,0.0,0.04
1159108770069883136,Mn,6,-1.32,0.11,-0.24,0.05
1159108770069883136,FeI,102,-1.08,0.08,0.0,0.02
1159108770069883136,FeII,7,-0.99,0.05,0.0,0.04
1159108770069883136,CoI,1,-1.27,0.17,-0.19,0.14
1159108770069883136,NiI,7,-1.14,0.06,-0.05,0.06
1159108770069883136,Cu,1,-1.37,0.15,-0.29,0.13
1159108770069883136,ZnI,1,-1.05,0.13,0.03,0.16
1159108770069883136,Sr,2,-1.03,0.11,-0.04,0.13
1159108770069883136,Y,4,-1.22,0.11,-0.23,0.12
1159108770069883136,Zr,2,-0.76,0.1,0.23,0.11
1159108770069883136,Ba,3,-0.96,0.09,0.03,0.1
1159108770069883136,La,1,-0.71,0.14,0.29,0.15
1159108770069883136,Eu,2,-0.38,0.1,0.61,0.11
2436947439975372672,Li,1,0.2,0.15,2.01,0.13
2436947439975372672,C,1,-1.74,0.19,0.07,0.14
2436947439975372672,N,1,-2.41,0.2,-0.59,0.14
2436947439975372672,Na,3,-2.14,0.11,-0.05,0.07
2436947439975372672,Mg,6,-1.56,0.09,0.23,0.05
2436947439975372672,Al,1,-2.3,0.17,-0.85,0.13
2436947439975372672,Si,5,-1.47,0.09,0.35,0.09
2436947439975372672,CaI,22,-1.47,0.07,0.35,0.03
2436947439975372672,ScII,5,-1.72,0.06,0.05,0.05
2436947439975372672,TiI,9,-1.58,0.11,0.23,0.03
2436947439975372672,TiII,14,-1.46,0.04,0.31,0.04
2436947439975372672,CrI,7,-1.91,0.11,-0.09,0.02
2436947439975372672,Mn,8,-2.21,0.12,-0.4,0.05
2436947439975372672,FeI,130,-1.81,0.09,0.0,0.02
2436947439975372672,FeII,8,-1.77,0.04,0.0,0.03
2436947439975372672,CoI,1,-1.56,0.19,0.25,0.14
2436947439975372672,NiI,10,-1.86,0.07,-0.04,0.04
2436947439975372672,Cu,1,-2.46,0.16,-0.65,0.13
2436947439975372672,ZnI,1,-1.77,0.13,0.05,0.14
2436947439975372672,Sr,2,-2.04,0.12,-0.27,0.12
2436947439975372672,Y,7,-2.22,0.06,-0.45,0.06
2436947439975372672,Zr,4,-2.02,0.17,-0.25,0.17
2436947439975372672,Ba,4,-2.17,0.08,-0.41,0.08
2436947439975372672,La,1,-1.96,0.13,-0.19,0.14
2436947439975372672,Eu,2,-1.66,0.1,0.11,0.1
2449962874510227328,Li,1,1.22,0.12,3.06,0.11
2449962874510227328,C,1,-1.65,0.18,0.18,0.13
2449962874510227328,Na,2,-2.14,0.11,0.17,0.08
2449962874510227328,Mg,6,-1.66,0.06,0.14,0.03
2449962874510227328,Al,2,-2.31,0.11,-0.95,0.08
2449962874510227328,Si,3,-1.56,0.08,0.27,0.07
2449962874510227328,CaI,21,-1.57,0.05,0.27,0.03
2449962874510227328,ScII,6,-1.67,0.06,0.06,0.06
2449962874510227328,TiI,7,-1.54,0.07,0.3,0.02
2449962874510227328,TiII,18,-1.48,0.05,0.25,0.04
2449962874510227328,VI,1,-1.8,0.13,0.04,0.11
2449962874510227328,CrI,6,-1.97,0.08,-0.13,0.02
2449962874510227328,Mn,8,-2.11,0.08,-0.27,0.04
2449962874510227328,FeI,118,-1.84,0.07,0.0,0.01
2449962874510227328,FeII,10,-1.73,0.03,0.0,0.03
2449962874510227328,CoI,1,-1.78,0.13,0.05,0.11
2449962874510227328,NiI,6,-1.95,0.06,-0.11,0.05
2449962874510227328,ZnI,1,-1.89,0.11,-0.06,0.11
2449962874510227328,Sr,2,-1.7,0.12,0.03,0.11
2449962874510227328,Y,4,-1.9,0.09,-0.17,0.09
2449962874510227328,Zr,3,-1.6,0.09,0.13,0.08
2449962874510227328,Ba,3,-1.88,0.08,-0.15,0.08
2449962874510227328,Eu,1,-1.27,0.12,0.46,0.12
2503491051919554304,Li,1,1.36,0.11,2.95,0.1
2503491051919554304,C,1,-1.39,0.17,0.2,0.12
2503491051919554304,Na,3,-1.69,0.09,0.24,0.06
2503491051919554304,Mg,6,-1.28,0.07,0.28,0.04
2503491051919554304,Al,2,-2.1,0.11,-0.94,0.07
2503491051919554304,Si,5,-1.25,0.05,0.34,0.05
2503491051919554304,CaI,25,-1.16,0.06,0.43,0.03
2503491051919554304,ScII,7,-1.3,0.06,0.21,0.05
2503491051919554304,TiI,8,-1.21,0.08,0.38,0.03
2503491051919554304,TiII,19,-1.1,0.05,0.41,0.04
2503491051919554304,VI,1,-1.42,0.12,0.17,0.1
2503491051919554304,CrI,8,-1.67,0.08,-0.08,0.02
2503491051919554304,Mn,8,-1.85,0.09,-0.26,0.05
2503491051919554304,FeI,134,-1.59,0.07,0.0,0.01
2503491051919554304,FeII,10,-1.51,0.04,0.0,0.03
2503491051919554304,CoI,1,-1.46,0.13,0.13,0.1
2503491051919554304,NiI,8,-1.6,0.06,-0.01,0.04
2503491051919554304,ZnI,1,-1.46,0.1,0.13,0.1
2503491051919554304,Sr,2,-1.3,0.11,0.21,0.1
2503491051919554304,Y,7,-1.49,0.06,0.02,0.05
2503491051919554304,Zr,4,-1.16,0.07,0.34,0.06
2503491051919554304,Ba,4,-1.45,0.08,0.06,0.07
2503491051919554304,La,1,-1.32,0.11,0.19,0.11
2503491051919554304,Eu,2,-0.9,0.08,0.61,0.08
2551243597828253312,Li,1,0.73,0.16,2.34,0.15
2551243597828253312,C,1,-1.5,0.2,0.11,0.16
2551243597828253312,Na,3,-1.97,0.12,-0.05,0.09
2551243597828253312,Mg,6,-1.44,0.09,0.14,0.06
2551243597828253312,Al,1,-2.03,0.18,-0.85,0.15
2551243597828253312,Si,5,-1.41,0.05,0.2,0.06
2551243597828253312,CaI,23,-1.33,0.07,0.28,0.03
2551243597828253312,ScII,6,-1.58,0.06,-0.02,0.07
2551243597828253312,TiI,10,-1.41,0.1,0.21,0.02
2551243597828253312,TiII,18,-1.35,0.05,0.21,0.06
2551243597828253312,VI,2,-1.64,0.14,-0.02,0.1
2551243597828253312,CrI,6,-1.71,0.1,-0.09,0.03
2551243597828253312,Mn,8,-2.05,0.11,-0.44,0.04
2551243597828253312,FeI,137,-1.61,0.09,0.0,0.02
2551243597828253312,FeII,9,-1.56,0.06,0.0,0.08
2551243597828253312,CoI,1,-1.43,0.19,0.18,0.15
2551243597828253312,NiI,10,-1.7,0.07,-0.09,0.05
2551243597828253312,ZnI,1,-1.67,0.15,-0.05,0.15
2551243597828253312,Sr,2,-1.6,0.13,-0.04,0.14
2551243597828253312,Y,7,-1.83,0.07,-0.27,0.08
2551243597828253312,Zr,4,-1.52,0.1,0.04,0.11
2551243597828253312,Ba,4,-1.65,0.08,-0.09,0.09
2551243597828253312,La,1,-1.33,0.15,0.22,0.16
2551243597828253312,Eu,2,-1.29,0.11,0.27,0.13
2601354871056014336,Li,1,1.0,0.14,3.06,0.13
2601354871056014336,C,1,-0.62,0.21,1.44,0.16
2601354871056014336,N,1,-2.11,0.21,-0.06,0.16
2601354871056014336,OI,1,0.33,0.14,2.38,0.13
2601354871056014336,Na,3,-2.19,0.11,0.18,0.08
2601354871056014336,Mg,4,-1.86,0.09,0.16,0.05
2601354871056014336,Al,1,-2.55,0.16,-0.98,0.13
2601354871056014336,Si,3,-1.92,0.09,0.14,0.08
2601354871056014336,CaI,18,-1.82,0.05,0.23,0.03
2601354871056014336,ScII,4,-1.98,0.13,-0.05,0.12
2601354871056014336,TiI,8,-1.87,0.09,0.19,0.03
2601354871056014336,TiII,13,-1.71,0.06,0.22,0.06
2601354871056014336,CrI,6,-2.23,0.09,-0.17,0.03
2601354871056014336,Mn,7,-2.44,0.09,-0.39,0.05
2601354871056014336,FeI,122,-2.05,0.08,0.0,0.02
2601354871056014336,FeII,8,-1.93,0.03,0.0,0.03
2601354871056014336,CoI,1,-1.95,0.16,0.1,0.13
2601354871056014336,NiI,5,-2.21,0.07,-0.15,0.04
2601354871056014336,ZnI,1,-1.85,0.13,0.2,0.13
2601354871056014336,Sr,2,-1.5,0.13,0.44,0.12
2601354871056014336,Y,7,-1.61,0.08,0.32,0.07
2601354871056014336,Zr,3,-1.52,0.11,0.41,0.1
2601354871056014336,Ba,4,-0.66,0.15,1.28,0.14
2601354871056014336,La,1,-0.73,0.14,1.2,0.14
2601354871056014336,Eu,2,-1.46,0.11,0.47,0.1
2602889858007989632,C,1,-1.48,0.18,0.38,0.14
2602889858007989632,Na,2,-2.15,0.12,0.24,0.08
2602889858007989632,Mg,7,-1.56,0.07,0.27,0.04
2602889858007989632,Al,2,-2.33,0.11,-0.99,0.08
2602889858007989632,Si,1,-1.7,0.15,0.16,0.12
2602889858007989632,CaI,22,-1.47,0.06,0.4,0.04
2602889858007989632,ScII,7,-1.63,0.05,0.07,0.06
2602889858007989632,TiI,6,-1.45,0.1,0.41,0.06
2602889858007989632,TiII,19,-1.37,0.05,0.33,0.05
2602889858007989632,VI,1,-1.78,0.14,0.09,0.11
2602889858007989632,CrI,6,-1.93,0.08,-0.07,0.03
2602889858007989632,Mn,6,-2.17,0.1,-0.3,0.05
2602889858007989632,FeI,118,-1.86,0.07,0.0,0.01
2602889858007989632,FeII,10,-1.7,0.05,0.0,0.06
2602889858007989632,CoI,1,-1.81,0.14,0.05,0.11
2602889858007989632,NiI,5,-1.96,0.08,-0.1,0.07
2602889858007989632,ZnI,1,-1.88,0.12,-0.02,0.12
2602889858007989632,Sr,2,-1.68,0.12,0.03,0.12
2602889858007989632,Y,5,-1.89,0.09,-0.18,0.1
2602889858007989632,Zr,4,-1.37,0.12,0.33,0.12
2602889858007989632,Ba,3,-1.86,0.08,-0.16,0.09
2653208801494625792,C,1,-1.39,0.18,-0.07,0.14
2653208801494625792,N,1,-0.87,0.19,0.45,0.15
2653208801494625792,OI,1,-0.55,0.12,0.77,0.14
2653208801494625792,Na,2,-1.47,0.11,0.1,0.09
2653208801494625792,Mg,5,-0.95,0.09,0.32,0.06
2653208801494625792,Al,1,-1.33,0.17,-0.59,0.12
2653208801494625792,Si,6,-0.91,0.08,0.41,0.08
2653208801494625792,CaI,20,-0.96,0.07,0.36,0.04
2653208801494625792,ScII,2,-1.03,0.1,0.08,0.09
2653208801494625792,TiI,8,-1.08,0.12,0.24,0.04
2653208801494625792,TiII,10,-0.83,0.07,0.28,0.06
2653208801494625792,VI,1,-1.19,0.16,0.13,0.12
2653208801494625792,CrI,6,-1.43,0.11,-0.11,0.03
2653208801494625792,Mn,8,-1.76,0.13,-0.43,0.06
2653208801494625792,FeI,112,-1.32,0.1,0.0,0.02
2653208801494625792,FeII,7,-1.11,0.07,0.0,0.06
2653208801494625792,NiI,8,-1.31,0.08,0.02,0.04
2653208801494625792,Cu,1,-1.82,0.15,-0.5,0.12
2653208801494625792,ZnI,1,-1.31,0.12,0.01,0.13
2653208801494625792,Sr,1,-0.95,0.13,0.16,0.14
2653208801494625792,Y,7,-1.05,0.16,0.06,0.14
2653208801494625792,Zr,3,-1.21,0.1,-0.1,0.1
2653208801494625792,Ba,4,-0.97,0.09,0.14,0.09
2653208801494625792,La,1,-0.93,0.13,0.18,0.13
2653208801494625792,Eu,2,-0.51,0.09,0.6,0.11
2910503176753011840,Li,1,1.19,0.11,3.41,0.1
2910503176753011840,C,1,-1.96,0.17,0.25,0.13
2910503176753011840,Na,2,-2.48,0.1,0.14,0.07
2910503176753011840,Mg,6,-1.93,0.06,0.24,0.02
2910503176753011840,Al,2,-2.61,0.1,-0.85,0.07
2910503176753011840,Si,3,-1.76,0.07,0.45,0.06
2910503176753011840,CaI,23,-1.82,0.05,0.4,0.03
2910503176753011840,ScII,5,-2.07,0.05,0.03,0.04
2910503176753011840,TiI,8,-1.8,0.08,0.42,0.02
2910503176753011840,TiII,19,-1.78,0.04,0.32,0.04
2910503176753011840,CrI,6,-2.34,0.08,-0.12,0.03
2910503176753011840,Mn,6,-2.61,0.1,-0.39,0.07
2910503176753011840,FeI,119,-2.22,0.06,0.0,0.01
2910503176753011840,FeII,11,-2.1,0.03,0.0,0.03
2910503176753011840,CoI,1,-2.09,0.13,0.13,0.1
2910503176753011840,NiI,5,-2.29,0.08,-0.07,0.07
2910503176753011840,ZnI,1,-2.09,0.1,0.13,0.1
2910503176753011840,Sr,2,-2.03,0.12,0.07,0.11
2910503176753011840,Y,5,-2.19,0.07,-0.09,0.06
2910503176753011840,Zr,3,-1.81,0.08,0.29,0.07
2910503176753011840,Ba,4,-2.2,0.07,-0.1,0.06
2910503176753011840,La,1,-1.62,0.11,0.47,0.11
2910503176753011840,Eu,1,-1.46,0.11,0.64,0.11
3028486001397877120,C,1,-1.34,0.18,0.05,0.14
3028486001397877120,Na,2,-1.53,0.1,0.16,0.09
3028486001397877120,Mg,6,-1.06,0.07,0.31,0.03
3028486001397877120,Al,2,-1.91,0.12,-0.94,0.09
3028486001397877120,Si,5,-1.03,0.08,0.36,0.07
3028486001397877120,CaI,24,-1.04,0.06,0.35,0.03
3028486001397877120,ScII,6,-1.21,0.06,0.12,0.06
3028486001397877120,TiI,6,-1.05,0.08,0.34,0.03
3028486001397877120,TiII,20,-0.95,0.06,0.37,0.06
3028486001397877120,VI,2,-1.36,0.11,0.03,0.09
3028486001397877120,CrI,7,-1.47,0.09,-0.08,0.05
3028486001397877120,Mn,8,-1.67,0.09,-0.28,0.04
3028486001397877120,FeI,137,-1.39,0.07,0.0,0.01
3028486001397877120,FeII,10,-1.33,0.04,0.0,0.05
3028486001397877120,CoI,1,-1.39,0.15,-0.0,0.12
3028486001397877120,NiI,10,-1.38,0.06,0.01,0.04
3028486001397877120,ZnI,1,-1.25,0.13,0.14,0.12
3028486001397877120,Sr,2,-1.27,0.12,0.06,0.11
3028486001397877120,Y,6,-1.37,0.09,-0.04,0.08
3028486001397877120,Zr,4,-1.02,0.07,0.31,0.06
3028486001397877120,Ba,4,-1.33,0.07,0.0,0.07
3028486001397877120,La,1,-0.94,0.13,0.39,0.13
3028486001397877120,Eu,3,-0.89,0.09,0.44,0.09
3089944573918027648,Li,1,-0.0,0.16,1.62,0.13
3089944573918027648,C,1,-1.71,0.18,-0.09,0.15
3089944573918027648,N,1,-2.01,0.19,-0.39,0.15
3089944573918027648,Na,3,-1.95,0.12,-0.09,0.08
3089944573918027648,Mg,4,-1.34,0.09,0.24,0.07
3089944573918027648,Al,1,-2.04,0.18,-0.7,0.13
3089944573918027648,Si,6,-1.36,0.08,0.26,0.1
3089944573918027648,CaI,20,-1.3,0.08,0.32,0.04
3089944573918027648,ScII,5,-1.5,0.07,0.09,0.07
3089944573918027648,TiI,9,-1.44,0.13,0.18,0.03
3089944573918027648,TiII,15,-1.22,0.07,0.37,0.07
3089944573918027648,CrI,7,-1.75,0.13,-0.13,0.04
3089944573918027648,Mn,8,-2.09,0.13,-0.47,0.04
3089944573918027648,FeI,130,-1.62,0.11,0.0,0.02
3089944573918027648,FeII,7,-1.59,0.07,0.0,0.07
3089944573918027648,CoI,1,-1.46,0.21,0.16,0.14
3089944573918027648,NiI,10,-1.73,0.08,-0.12,0.04
3089944573918027648,Cu,1,-2.37,0.17,-0.75,0.13
3089944573918027648,ZnI,1,-1.61,0.13,0.0,0.16
3089944573918027648,Sr,2,-1.58,0.11,0.01,0.13
3089944573918027648,Y,7,-1.68,0.1,-0.09,0.1
3089944573918027648,Zr,2,-1.4,0.11,0.19,0.11
3089944573918027648,Ba,4,-1.59,0.12,0.0,0.12
3089944573918027648,La,1,-1.5,0.14,0.09,0.15
3089944573918027648,Eu,2,-1.15,0.1,0.44,0.12
3266449244243890176,Li,1,-0.63,0.18,0.24,0.16
3266449244243890176,C,1,-1.0,0.16,-0.13,0.16
3266449244243890176,N,1,-1.0,0.2,-0.12,0.16
3266449244243890176,OI,1,-0.46,0.14,0.41,0.17
3266449244243890176,Na,2,-0.98,0.14,0.01,0.11
3266449244243890176,Mg,2,-0.51,0.12,0.39,0.11
3266449244243890176,Si,5,-0.53,0.05,0.34,0.12
3266449244243890176,CaI,19,-0.51,0.11,0.36,0.03
3266449244243890176,ScII,2,-0.43,0.13,0.45,0.13
3266449244243890176,TiI,3,-0.6,0.2,0.27,0.11
3266449244243890176,TiII,4,-0.42,0.1,0.45,0.1
3266449244243890176,CrI,5,-0.83,0.17,0.04,0.07
3266449244243890176,Mn,3,-0.91,0.16,-0.04,0.09
3266449244243890176,FeI,83,-0.87,0.11,0.0,0.02
3266449244243890176,FeII,2,-0.88,0.12,0.0,0.1
3266449244243890176,NiI,5,-0.82,0.12,0.05,0.1
3266449244243890176,Cu,1,-0.91,0.18,-0.04,0.14
3266449244243890176,Y,3,-0.53,0.13,0.34,0.13
3266449244243890176,Zr,2,-0.26,0.17,0.62,0.17
3266449244243890176,Ba,4,-0.6,0.09,0.28,0.1
3266449244243890176,La,1,-0.34,0.21,0.54,0.21
3266449244243890176,Eu,2,-0.34,0.11,0.54,0.13
3802597128565139584,C,1,-1.62,0.19,0.2,0.14
3802597128565139584,Na,2,-1.98,0.13,0.38,0.09
3802597128565139584,Mg,7,-1.51,0.06,0.27,0.04
3802597128565139584,Al,2,-2.27,0.12,-0.93,0.09
3802597128565139584,Si,2,-1.47,0.11,0.35,0.09
3802597128565139584,CaI,21,-1.37,0.06,0.46,0.04
3802597128565139584,ScII,6,-1.45,0.06,0.31,0.07
3802597128565139584,TiI,5,-1.33,0.09,0.49,0.05
3802597128565139584,TiII,16,-1.27,0.05,0.49,0.06
3802597128565139584,CrI,5,-1.88,0.08,-0.06,0.02
3802597128565139584,Mn,5,-2.17,0.1,-0.35,0.06
3802597128565139584,FeI,100,-1.82,0.07,0.0,0.02
3802597128565139584,FeII,10,-1.76,0.05,0.0,0.07
3802597128565139584,CoI,1,-1.71,0.15,0.12,0.12
3802597128565139584,NiI,3,-1.97,0.09,-0.15,0.07
3802597128565139584,ZnI,1,-1.54,0.13,0.28,0.12
3802597128565139584,Sr,2,-1.32,0.12,0.44,0.12
3802597128565139584,Y,4,-1.56,0.1,0.2,0.1
3802597128565139584,Zr,3,-1.29,0.09,0.47,0.09
3802597128565139584,Ba,3,-1.66,0.09,0.1,0.09
3802597128565139584,Eu,1,-1.02,0.13,0.75,0.14
3822808140853060224,Li,1,1.26,0.13,2.5,0.12
3822808140853060224,C,1,-1.28,0.18,-0.05,0.13
3822808140853060224,N,1,-2.07,0.18,-0.83,0.14
3822808140853060224,Na,2,-1.47,0.1,0.01,0.08
3822808140853060224,Mg,5,-1.08,0.1,0.13,0.07
3822808140853060224,Al,1,-1.79,0.15,-0.96,0.12
3822808140853060224,Si,6,-1.01,0.07,0.22,0.07
3822808140853060224,CaI,24,-0.92,0.06,0.31,0.02
3822808140853060224,ScII,5,-1.04,0.06,0.03,0.06
3822808140853060224,TiI,8,-1.06,0.09,0.17,0.02
3822808140853060224,TiII,20,-0.82,0.05,0.25,0.05
3822808140853060224,VI,2,-1.22,0.12,0.01,0.08
3822808140853060224,CrI,7,-1.31,0.09,-0.07,0.03
3822808140853060224,Mn,8,-1.52,0.1,-0.29,0.05
3822808140853060224,FeI,150,-1.23,0.08,0.0,0.01
3822808140853060224,FeII,10,-1.07,0.05,0.0,0.05
3822808140853060224,CoI,1,-1.09,0.16,0.15,0.12
3822808140853060224,NiI,11,-1.31,0.07,-0.08,0.04
3822808140853060224,Cu,1,-1.96,0.14,-0.73,0.12
3822808140853060224,ZnI,1,-1.25,0.12,-0.01,0.12
3822808140853060224,Sr,2,-1.11,0.11,-0.04,0.11
3822808140853060224,Y,7,-1.16,0.09,-0.09,0.08
3822808140853060224,Zr,4,-1.01,0.12,0.06,0.11
3822808140853060224,Ba,4,-1.08,0.13,-0.01,0.12
3822808140853060224,La,1,-0.94,0.12,0.13,0.13
3822808140853060224,Eu,2,-0.82,0.09,0.25,0.1
3933445776843483008,Li,1,1.26,0.11,3.65,0.09
3933445776843483008,C,1,-1.71,0.17,0.68,0.12
3933445776843483008,Na,2,-2.63,0.1,0.03,0.06
3933445776843483008,Mg,5,-1.99,0.06,0.36,0.04
3933445776843483008,Al,2,-2.73,0.1,-0.82,0.06
3933445776843483008,Si,3,-1.83,0.07,0.56,0.05
3933445776843483008,CaI,23,-2.06,0.05,0.33,0.03
3933445776843483008,ScII,5,-2.33,0.05,-0.01,0.05
3933445776843483008,TiI,8,-1.96,0.08,0.43,0.04
3933445776843483008,TiII,20,-2.03,0.04,0.29,0.04
3933445776843483008,VI,2,-2.28,0.1,0.11,0.06
3933445776843483008,CrI,6,-2.48,0.08,-0.09,0.03
3933445776843483008,Mn,7,-2.77,0.08,-0.38,0.03
3933445776843483008,FeI,116,-2.39,0.07,0.0,0.01
3933445776843483008,FeII,10,-2.32,0.04,0.0,0.05
3933445776843483008,CoI,1,-2.14,0.12,0.25,0.09
3933445776843483008,NiI,9,-2.37,0.06,0.02,0.05
3933445776843483008,ZnI,1,-2.17,0.1,0.22,0.09
3933445776843483008,Sr,2,-2.19,0.12,0.12,0.11
3933445776843483008,Y,4,-2.33,0.06,-0.01,0.06
3933445776843483008,Zr,3,-2.01,0.08,0.31,0.07
3933445776843483008,Ba,3,-2.71,0.07,-0.39,0.07
4245522468554091904,Li,1,1.31,0.12,3.87,0.1
4245522468554091904,Na,1,-2.8,0.12,-0.03,0.1
4245522468554091904,Mg,3,-2.18,0.09,0.3,0.06
4245522468554091904,Al,2,-2.78,0.1,-0.7,0.07
4245522468554091904,Si,1,-2.45,0.13,0.11,0.1
4245522468554091904,CaI,9,-2.14,0.06,0.41,0.03
4245522468554091904,ScII,1,-2.33,0.11,0.14,0.14
4245522468554091904,TiI,1,-1.85,0.12,0.7,0.1
4245522468554091904,TiII,7,-2.04,0.05,0.43,0.1
4245522468554091904,CrI,3,-2.67,0.1,-0.12,0.06
4245522468554091904,Mn,3,-3.04,0.1,-0.49,0.06
4245522468554091904,FeI,40,-2.55,0.07,0.0,0.02
4245522468554091904,FeII,4,-2.47,0.1,0.0,0.14
4245522468554091904,CoI,1,-2.2,0.13,0.36,0.1
4245522468554091904,NiI,1,-2.46,0.12,0.09,0.1
4245522468554091904,Sr,2,-2.56,0.11,-0.09,0.14
4245522468554091904,Ba,1,-2.67,0.12,-0.19,0.15
4318465066420528000,Li,1,0.43,0.15,2.76,0.13
4318465066420528000,C,1,-1.94,0.22,0.39,0.17
4318465066420528000,N,1,-2.71,0.23,-0.38,0.17
4318465066420528000,Na,3,-2.53,0.12,0.14,0.08
4318465066420528000,Mg,6,-1.85,0.08,0.39,0.04
4318465066420528000,Al,1,-2.63,0.17,-0.84,0.13
4318465066420528000,Si,3,-1.87,0.1,0.46,0.08
4318465066420528000,CaI,25,-1.98,0.06,0.35,0.04
4318465066420528000,ScII,6,-2.24,0.06,0.11,0.06
4318465066420528000,TiI,10,-2.0,0.1,0.32,0.03
4318465066420528000,TiII,19,-2.0,0.05,0.35,0.05
4318465066420528000,VI,1,-2.45,0.17,-0.12,0.13
4318465066420528000,CrI,6,-2.44,0.09,-0.12,0.02
4318465066420528000,Mn,7,-2.7,0.11,-0.37,0.06
4318465066420528000,FeI,127,-2.33,0.09,0.0,0.02
4318465066420528000,FeII,9,-2.35,0.04,0.0,0.04
4318465066420528000,CoI,1,-2.02,0.18,0.3,0.14
4318465066420528000,NiI,10,-2.3,0.07,0.02,0.04
4318465066420528000,ZnI,1,-2.15,0.14,0.18,0.14
4318465066420528000,Sr,2,-2.35,0.15,0.0,0.14
4318465066420528000,Y,7,-2.49,0.07,-0.14,0.06
4318465066420528000,Zr,4,-2.11,0.11,0.24,0.11
4318465066420528000,Ba,4,-2.34,0.07,0.01,0.07
4318465066420528000,La,1,-2.02,0.15,0.33,0.14
4318465066420528000,Eu,3,-1.76,0.1,0.59,0.1
4425854676297423104,C,1,-1.68,0.27,0.05,0.18
4425854676297423104,N,1,-2.19,0.27,-0.46,0.19
4425854676297423104,Na,2,-2.33,0.21,-0.37,0.13
4425854676297423104,Mg,4,-1.62,0.11,0.11,0.09
4425854676297423104,Al,1,-2.29,0.24,-0.79,0.17
4425854676297423104,Si,2,-1.6,0.14,0.13,0.12
4425854676297423104,CaI,22,-1.62,0.1,0.11,0.05
4425854676297423104,ScII,4,-1.78,0.12,-0.05,0.11
4425854676297423104,TiI,8,-1.55,0.15,0.18,0.04
4425854676297423104,TiII,12,-1.46,0.08,0.27,0.07
4425854676297423104,VI,1,-1.75,0.22,-0.02,0.16
4425854676297423104,CrI,6,-1.75,0.15,-0.02,0.03
4425854676297423104,Mn,8,-2.04,0.15,-0.3,0.04
4425854676297423104,FeI,127,-1.73,0.13,0.0,0.02
4425854676297423104,FeII,8,-1.73,0.08,0.0,0.06
4425854676297423104,CoI,1,-1.56,0.25,0.17,0.17
4425854676297423104,NiI,8,-1.85,0.09,-0.12,0.07
4425854676297423104,ZnI,1,-1.79,0.17,-0.06,0.2
4425854676297423104,Sr,2,-1.76,0.17,-0.03,0.19
4425854676297423104,Y,5,-1.78,0.1,-0.05,0.09
4425854676297423104,Zr,4,-1.45,0.11,0.28,0.11
4425854676297423104,Ba,4,-1.59,0.1,0.14,0.11
4479226310758314496,Li,1,1.23,0.12,3.76,0.11
4479226310758314496,C,1,-1.91,0.18,0.62,0.13
4479226310758314496,OI,1,0.85,0.12,3.37,0.11
4479226310758314496,Na,1,-2.79,0.13,-0.02,0.11
4479226310758314496,Mg,2,-2.12,0.08,0.34,0.08
4479226310758314496,Al,2,-2.88,0.11,-0.83,0.08
4479226310758314496,Si,1,-2.22,0.15,0.31,0.11
4479226310758314496,CaI,13,-2.17,0.07,0.36,0.06
4479226310758314496,ScII,4,-2.38,0.07,0.16,0.08
4479226310758314496,TiI,2,-2.14,0.1,0.38,0.08
4479226310758314496,TiII,7,-2.13,0.06,0.41,0.07
4479226310758314496,CrI,3,-2.74,0.1,-0.21,0.06
4479226310758314496,Mn,3,-3.05,0.11,-0.53,0.07
4479226310758314496,FeI,65,-2.53,0.07,0.0,0.02
4479226310758314496,FeII,3,-2.54,0.06,0.0,0.07
4479226310758314496,CoI,1,-2.21,0.13,0.32,0.11
4479226310758314496,NiI,1,-2.64,0.13,-0.12,0.11
4479226310758314496,Sr,2,-2.63,0.11,-0.09,0.11
4653842020087501824,Li,1,1.27,0.12,3.35,0.11
4653842020087501824,C,1,-1.71,0.18,0.37,0.13
4653842020087501824,Na,2,-2.5,0.11,-0.02,0.08
4653842020087501824,Mg,5,-1.87,0.06,0.17,0.02
4653842020087501824,Al,2,-2.59,0.1,-0.96,0.08
4653842020087501824,Si,1,-1.82,0.14,0.25,0.11
4653842020087501824,CaI,18,-1.81,0.06,0.26,0.03
4653842020087501824,ScII,4,-2.0,0.06,-0.02,0.06
4653842020087501824,TiI,3,-1.72,0.09,0.35,0.06
4653842020087501824,TiII,13,-1.73,0.05,0.25,0.04
4653842020087501824,CrI,4,-2.21,0.09,-0.14,0.05
4653842020087501824,Mn,5,-2.44,0.08,-0.37,0.03
4653842020087501824,FeI,102,-2.07,0.07,0.0,0.01
4653842020087501824,FeII,8,-1.98,0.03,0.0,0.04
4653842020087501824,NiI,3,-2.06,0.08,0.01,0.06
4653842020087501824,ZnI,1,-1.88,0.11,0.19,0.11
4653842020087501824,Sr,2,-2.23,0.12,-0.25,0.11
4653842020087501824,Y,2,-1.99,0.09,-0.01,0.09
4653842020087501824,Zr,1,-1.97,0.12,0.01,0.12
4653842020087501824,Ba,3,-2.36,0.08,-0.38,0.08
4687536553944071168,Li,1,1.35,0.13,3.2,0.11
4687536553944071168,C,1,-1.66,0.18,0.19,0.13
4687536553944071168,Na,3,-2.07,0.09,0.07,0.06
4687536553944071168,Mg,4,-1.59,0.04,0.24,0.04
4687536553944071168,Al,2,-2.34,0.12,-0.93,0.08
4687536553944071168,Si,3,-1.64,0.08,0.21,0.07
4687536553944071168,CaI,23,-1.6,0.05,0.25,0.03
4687536553944071168,ScII,7,-1.82,0.06,-0.02,0.06
4687536553944071168,TiI,8,-1.63,0.09,0.22,0.04
4687536553944071168,TiII,17,-1.53,0.04,0.27,0.04
4687536553944071168,CrI,8,-1.94,0.09,-0.09,0.03
4687536553944071168,Mn,8,-2.1,0.09,-0.25,0.05
4687536553944071168,FeI,134,-1.85,0.07,0.0,0.01
4687536553944071168,FeII,10,-1.8,0.03,0.0,0.03
4687536553944071168,CoI,1,-1.74,0.14,0.11,0.11
4687536553944071168,NiI,10,-1.92,0.06,-0.07,0.04
4687536553944071168,ZnI,1,-1.79,0.11,0.06,0.12
4687536553944071168,Sr,2,-1.82,0.12,-0.02,0.11
4687536553944071168,Y,4,-2.05,0.06,-0.24,0.06
4687536553944071168,Zr,2,-1.66,0.11,0.14,0.1
4687536553944071168,Ba,4,-1.97,0.06,-0.17,0.06
4687536553944071168,Eu,1,-1.29,0.12,0.51,0.12
4779027844180362368,Li,1,1.23,0.11,3.28,0.09
4779027844180362368,OI,1,0.92,0.1,2.97,0.1
4779027844180362368,Na,2,-2.3,0.11,0.18,0.07
4779027844180362368,Mg,5,-1.75,0.07,0.24,0.03
4779027844180362368,Al,2,-2.42,0.1,-0.92,0.07
4779027844180362368,Si,1,-1.89,0.14,0.15,0.1
4779027844180362368,CaI,13,-1.73,0.06,0.31,0.03
4779027844180362368,ScII,2,-1.81,0.09,0.15,0.08
4779027844180362368,TiI,4,-1.59,0.11,0.45,0.08
4779027844180362368,TiII,11,-1.55,0.06,0.41,0.06
4779027844180362368,CrI,3,-2.18,0.1,-0.14,0.06
4779027844180362368,Mn,4,-2.37,0.09,-0.33,0.02
4779027844180362368,FeI,80,-2.04,0.07,0.0,0.01
4779027844180362368,FeII,8,-1.96,0.04,0.0,0.05
4779027844180362368,NiI,1,-2.07,0.12,-0.03,0.09
4779027844180362368,Sr,2,-1.94,0.12,0.02,0.12
4779027844180362368,Ba,3,-2.02,0.08,-0.06,0.08
4958781983684481024,Li,1,1.29,0.12,3.08,0.1
4958781983684481024,C,1,-1.62,0.18,0.17,0.13
4958781983684481024,OI,1,0.22,0.11,2.01,0.1
4958781983684481024,Na,2,-1.94,0.09,0.15,0.07
4958781983684481024,Mg,6,-1.45,0.07,0.3,0.05
4958781983684481024,Al,2,-2.24,0.12,-0.98,0.07
4958781983684481024,Si,6,-1.43,0.06,0.35,0.06
4958781983684481024,CaI,26,-1.39,0.06,0.4,0.03
4958781983684481024,ScII,6,-1.55,0.06,0.13,0.05
4958781983684481024,TiI,10,-1.47,0.09,0.32,0.02
4958781983684481024,TiII,21,-1.33,0.05,0.35,0.04
4958781983684481024,VI,2,-1.81,0.11,-0.03,0.07
4958781983684481024,CrI,7,-1.9,0.09,-0.12,0.02
4958781983684481024,Mn,8,-2.08,0.1,-0.29,0.05
4958781983684481024,FeI,149,-1.79,0.08,0.0,0.01
4958781983684481024,FeII,10,-1.68,0.03,0.0,0.03
4958781983684481024,CoI,1,-1.59,0.14,0.2,0.1
4958781983684481024,NiI,11,-1.8,0.06,-0.01,0.03
4958781983684481024,ZnI,1,-1.67,0.1,0.12,0.1
4958781983684481024,Sr,2,-1.47,0.11,0.21,0.11
4958781983684481024,Y,7,-1.65,0.07,0.03,0.06
4958781983684481024,Zr,4,-1.38,0.1,0.3,0.09
4958781983684481024,Ba,4,-1.45,0.08,0.23,0.07
4958781983684481024,La,1,-1.31,0.11,0.37,0.11
4958781983684481024,Eu,2,-0.99,0.09,0.69,0.08
5012933996503765504,Li,1,1.31,0.11,3.2,0.1
5012933996503765504,C,1,-1.64,0.17,0.25,0.12
5012933996503765504,Na,3,-2.11,0.09,0.09,0.06
5012933996503765504,Mg,4,-1.61,0.06,0.24,0.06
5012933996503765504,Al,2,-2.35,0.11,-0.93,0.07
5012933996503765504,Si,1,-1.71,0.14,0.18,0.1
5012933996503765504,CaI,22,-1.64,0.05,0.25,0.03
5012933996503765504,ScII,7,-1.86,0.05,-0.06,0.04
5012933996503765504,TiI,6,-1.66,0.08,0.23,0.03
5012933996503765504,TiII,18,-1.56,0.04,0.25,0.04
5012933996503765504,CrI,7,-2.0,0.08,-0.12,0.02
5012933996503765504,Mn,7,-2.26,0.09,-0.37,0.04
5012933996503765504,FeI,126,-1.89,0.07,0.0,0.01
5012933996503765504,FeII,10,-1.8,0.03,0.0,0.04
5012933996503765504,CoI,1,-1.87,0.13,0.02,0.1
5012933996503765504,NiI,7,-2.03,0.06,-0.14,0.04
5012933996503765504,ZnI,1,-1.94,0.1,-0.05,0.1
5012933996503765504,Sr,2,-1.81,0.12,-0.01,0.11
5012933996503765504,Y,4,-1.98,0.08,-0.18,0.08
5012933996503765504,Zr,2,-1.7,0.1,0.1,0.09
5012933996503765504,Ba,3,-2.01,0.08,-0.21,0.07
5195968563310843008,Li,1,0.86,0.19,2.96,0.18
5195968563310843008,C,1,-1.43,0.24,0.67,0.19
5195968563310843008,OI,1,0.77,0.18,2.86,0.18
5195968563310843008,Na,2,-2.69,0.16,-0.35,0.13
5195968563310843008,Mg,3,-1.94,0.11,0.14,0.11
5195968563310843008,Al,1,-2.61,0.21,-0.76,0.18
5195968563310843008,Si,1,-1.92,0.21,0.18,0.18
5195968563310843008,CaI,16,-1.86,0.07,0.24,0.05
5195968563310843008,ScII,2,-2.13,0.13,0.0,0.14
5195968563310843008,TiI,1,-1.96,0.19,0.13,0.18
5195968563310843008,TiII,9,-1.88,0.05,0.25,0.06
5195968563310843008,VI,2,-2.03,0.15,0.07,0.13
5195968563310843008,Mn,6,-2.4,0.1,-0.3,0.04
5195968563310843008,FeI,62,-2.1,0.08,0.0,0.03
5195968563310843008,FeII,5,-2.13,0.05,0.0,0.06
5195968563310843008,CoI,1,-1.95,0.2,0.14,0.18
5195968563310843008,NiI,1,-1.85,0.19,0.24,0.18
5195968563310843008,ZnI,1,-2.01,0.18,0.08,0.19
5195968563310843008,Sr,2,-2.72,0.15,-0.58,0.15
5195968563310843008,Y,2,-2.47,0.13,-0.34,0.14
5195968563310843008,Ba,2,-2.81,0.13,-0.67,0.14
5343715644471712256,Li,1,0.09,0.16,1.52,0.14
5343715644471712256,C,1,-1.48,0.16,-0.05,0.13
5343715644471712256,N,1,-2.08,0.17,-0.65,0.14
5343715644471712256,Na,2,-1.66,0.12,-0.06,0.1
5343715644471712256,Mg,3,-1.13,0.1,0.29,0.09
5343715644471712256,Al,1,-1.86,0.18,-0.66,0.14
5343715644471712256,Si,5,-1.11,0.05,0.32,0.08
5343715644471712256,CaI,22,-1.1,0.08,0.33,0.03
5343715644471712256,ScII,6,-1.25,0.07,0.18,0.08
5343715644471712256,TiI,9,-1.19,0.13,0.24,0.04
5343715644471712256,TiII,16,-1.0,0.06,0.42,0.07
5343715644471712256,CrI,6,-1.45,0.13,-0.02,0.05
5343715644471712256,Mn,8,-1.81,0.13,-0.38,0.06
5343715644471712256,FeI,131,-1.43,0.1,0.0,0.02
5343715644471712256,FeII,8,-1.42,0.06,0.0,0.07
5343715644471712256,CoI,1,-1.12,0.2,0.31,0.14
5343715644471712256,NiI,10,-1.46,0.08,-0.03,0.04
5343715644471712256,Cu,1,-2.05,0.16,-0.62,0.14
5343715644471712256,ZnI,1,-1.3,0.14,0.13,0.16
5343715644471712256,Sr,2,-1.34,0.12,0.09,0.13
5343715644471712256,Y,7,-1.29,0.1,0.14,0.1
5343715644471712256,Zr,2,-0.95,0.12,0.48,0.12
5343715644471712256,Ba,4,-1.19,0.13,0.24,0.13
5343715644471712256,La,1,-0.97,0.15,0.45,0.15
5343715644471712256,Eu,2,-0.74,0.1,0.68,0.12
5382632652358260864,C,1,-2.17,0.16,-0.34,0.16
5382632652358260864,N,1,-1.43,0.2,0.4,0.17
5382632652358260864,OI,1,-1.14,0.15,0.69,0.18
5382632652358260864,Na,3,-2.11,0.14,-0.07,0.08
5382632652358260864,Mg,3,-1.36,0.11,0.46,0.09
5382632652358260864,Si,5,-1.38,0.05,0.44,0.12
5382632652358260864,CaI,21,-1.44,0.1,0.38,0.04
5382632652358260864,ScII,2,-1.63,0.12,0.07,0.11
5382632652358260864,TiI,7,-1.61,0.2,0.22,0.08
5382632652358260864,TiII,7,-1.34,0.09,0.35,0.07
5382632652358260864,CrI,5,-1.93,0.16,-0.11,0.04
5382632652358260864,Mn,4,-2.28,0.18,-0.45,0.1
5382632652358260864,FeI,115,-1.83,0.13,0.0,0.02
5382632652358260864,FeII,5,-1.7,0.1,0.0,0.06
5382632652358260864,NiI,8,-1.86,0.08,-0.03,0.06
5382632652358260864,Cu,1,-2.29,0.18,-0.47,0.13
5382632652358260864,ZnI,1,-1.78,0.13,0.05,0.2
5382632652358260864,Sr,1,-1.43,0.14,0.27,0.17
5382632652358260864,Y,5,-1.54,0.18,0.16,0.18
5382632652358260864,Zr,3,-1.31,0.13,0.39,0.13
5382632652358260864,Ba,4,-1.71,0.13,-0.01,0.13
5382632652358260864,La,1,-1.43,0.16,0.27,0.16
5382632652358260864,Eu,2,-1.16,0.11,0.54,0.13
5389911007017114112,Li,1,-0.59,0.17,1.69,0.15
5389911007017114112,C,1,-2.29,0.23,-0.01,0.16
5389911007017114112,N,1,-2.12,0.23,0.15,0.17
5389911007017114112,Na,3,-2.53,0.13,0.12,0.08
5389911007017114112,Mg,6,-1.9,0.09,0.29,0.05
5389911007017114112,Si,4,-1.91,0.1,0.37,0.1
5389911007017114112,CaI,19,-1.97,0.08,0.3,0.05
5389911007017114112,ScII,3,-2.18,0.1,0.05,0.1
5389911007017114112,TiI,8,-2.09,0.13,0.19,0.05
5389911007017114112,TiII,14,-1.89,0.06,0.35,0.06
5389911007017114112,VI,1,-2.45,0.19,-0.18,0.15
5389911007017114112,CrI,6,-2.47,0.12,-0.2,0.02
5389911007017114112,Mn,7,-2.81,0.14,-0.53,0.07
5389911007017114112,FeI,111,-2.28,0.11,0.0,0.02
5389911007017114112,FeII,7,-2.24,0.03,0.0,0.03
5389911007017114112,NiI,8,-2.36,0.08,-0.09,0.05
5389911007017114112,ZnI,1,-2.23,0.15,0.04,0.16
5389911007017114112,Sr,2,-2.37,0.14,-0.14,0.14
5389911007017114112,Y,6,-2.38,0.1,-0.14,0.1
5389911007017114112,Zr,3,-2.13,0.11,0.1,0.1
5389911007017114112,Ba,4,-2.25,0.09,-0.02,0.09
5389911007017114112,La,1,-2.12,0.15,0.11,0.16
5389911007017114112,Eu,2,-1.85,0.12,0.38,0.12
5486881507314450816,C,1,-1.04,0.15,-0.03,0.11
5486881507314450816,N,1,-1.52,0.16,-0.51,0.11
5486881507314450816,Na,1,-1.33,0.1,-0.22,0.1
5486881507314450816,Mg,4,-0.94,0.09,0.06,0.07
5486881507314450816,Al,1,-1.55,0.14,-0.91,0.1
5486881507314450816,Si,5,-0.82,0.04,0.2,0.06
5486881507314450816,CaI,20,-0.8,0.06,0.22,0.03
5486881507314450816,ScII,4,-1.01,0.06,-0.03,0.05
5486881507314450816,TiI,8,-0.93,0.09,0.08,0.02
5486881507314450816,TiII,14,-0.76,0.04,0.22,0.03
5486881507314450816,VI,1,-1.05,0.13,-0.03,0.1
5486881507314450816,CrI,5,-1.08,0.09,-0.07,0.03
5486881507314450816,Mn,8,-1.32,0.1,-0.31,0.03
5486881507314450816,FeI,136,-1.01,0.08,0.0,0.01
5486881507314450816,FeII,10,-0.98,0.04,0.0,0.03
5486881507314450816,CoI,1,-0.96,0.15,0.05,0.1
5486881507314450816,NiI,7,-1.14,0.05,-0.13,0.03
5486881507314450816,Cu,1,-1.69,0.12,-0.67,0.1
5486881507314450816,ZnI,1,-1.12,0.1,-0.11,0.1
5486881507314450816,Sr,2,-1.11,0.09,-0.12,0.1
5486881507314450816,Y,6,-1.13,0.08,-0.15,0.07
5486881507314450816,Zr,4,-0.94,0.09,0.04,0.08
5486881507314450816,Ba,3,-0.87,0.08,0.11,0.07
5486881507314450816,La,1,-0.72,0.1,0.26,0.1
5486881507314450816,Eu,2,-0.51,0.08,0.47,0.08
5617887596219030016,C,1,-1.61,0.19,0.08,0.13
5617887596219030016,Na,1,-1.79,0.1,-0.02,0.11
5617887596219030016,Mg,4,-1.26,0.07,0.36,0.06
5617887596219030016,Al,2,-2.11,0.12,-1.0,0.07
5617887596219030016,Si,6,-1.28,0.08,0.41,0.08
5617887596219030016,CaI,25,-1.29,0.06,0.4,0.03
5617887596219030016,ScII,5,-1.48,0.07,0.12,0.05
5617887596219030016,TiI,8,-1.44,0.09,0.25,0.03
5617887596219030016,TiII,20,-1.29,0.06,0.3,0.04
5617887596219030016,VI,1,-1.66,0.13,0.02,0.1
5617887596219030016,CrI,7,-1.78,0.09,-0.1,0.03
5617887596219030016,Mn,8,-2.02,0.1,-0.34,0.06
5617887596219030016,FeI,139,-1.69,0.08,0.0,0.01
5617887596219030016,FeII,10,-1.6,0.04,0.0,0.03
5617887596219030016,CoI,1,-1.47,0.15,0.22,0.11
5617887596219030016,NiI,11,-1.73,0.07,-0.04,0.04
5617887596219030016,ZnI,1,-1.63,0.11,0.06,0.11
5617887596219030016,Sr,2,-1.45,0.11,0.15,0.1
5617887596219030016,Y,7,-1.58,0.09,0.01,0.07
5617887596219030016,Zr,4,-1.36,0.1,0.23,0.08
5617887596219030016,Ba,4,-1.38,0.09,0.21,0.08
5617887596219030016,La,1,-1.25,0.11,0.34,0.11
5617887596219030016,Eu,2,-0.93,0.09,0.67,0.09
6039253574766562176,C,1,0.09,0.32,1.86,0.24
6039253574766562176,N,1,0.03,0.36,1.8,0.28
6039253574766562176,Na,2,-1.77,0.16,0.4,0.12
6039253574766562176,Mg,3,-1.58,0.14,0.1,0.11
6039253574766562176,Al,1,-1.78,0.23,-0.69,0.18
6039253574766562176,Si,2,-1.29,0.13,0.48,0.14
6039253574766562176,CaI,18,-1.56,0.08,0.21,0.05
6039253574766562176,ScII,2,-1.63,0.16,0.1,0.13
6039253574766562176,TiI,5,-1.37,0.18,0.4,0.12
6039253574766562176,TiII,9,-1.31,0.13,0.43,0.09
6039253574766562176,CrI,6,-1.83,0.13,-0.06,0.03
6039253574766562176,Mn,5,-2.02,0.15,-0.25,0.09
6039253574766562176,FeI,88,-1.77,0.12,0.0,0.02
6039253574766562176,FeII,6,-1.74,0.11,0.0,0.06
6039253574766562176,NiI,4,-1.85,0.12,-0.08,0.06
6039253574766562176,ZnI,1,-1.74,0.18,0.03,0.18
6039253574766562176,Y,4,-1.16,0.2,0.57,0.17
6039253574766562176,Zr,2,-0.58,0.25,1.16,0.23
6039253574766562176,Ba,4,-0.12,0.18,1.61,0.17
6039253574766562176,La,1,0.22,0.27,1.96,0.23
6155896330944952576,C,1,-1.85,0.19,0.59,0.14
6155896330944952576,Na,2,-2.15,0.13,0.75,0.09
6155896330944952576,Mg,6,-2.03,0.06,0.38,0.03
6155896330944952576,Al,2,-2.76,0.11,-0.77,0.08
6155896330944952576,Si,1,-2.06,0.16,0.38,0.12
6155896330944952576,CaI,13,-2.09,0.06,0.35,0.04
6155896330944952576,ScII,1,-2.23,0.13,0.11,0.14
6155896330944952576,TiI,2,-2.04,0.11,0.4,0.08
6155896330944952576,TiII,7,-1.99,0.05,0.35,0.07
6155896330944952576,CrI,3,-2.63,0.11,-0.19,0.07
6155896330944952576,Mn,3,-2.91,0.11,-0.47,0.07
6155896330944952576,FeI,76,-2.44,0.07,0.0,0.02
6155896330944952576,FeII,4,-2.34,0.07,0.0,0.09
6155896330944952576,CoI,1,-2.27,0.14,0.18,0.12
6155896330944952576,NiI,1,-2.41,0.13,0.03,0.12
6155896330944952576,Sr,2,-2.36,0.12,-0.02,0.13
6155896330944952576,Zr,1,-1.94,0.13,0.4,0.14
6155896330944952576,Ba,3,-2.09,0.09,0.25,0.1
6175345867006532480,C,1,-1.44,0.2,0.0,0.16
6175345867006532480,N,1,-1.99,0.21,-0.55,0.16
6175345867006532480,Na,2,-1.62,0.13,0.01,0.11
6175345867006532480,Mg,5,-1.23,0.08,0.2,0.06
6175345867006532480,Al,1,-1.81,0.19,-0.66,0.16
6175345867006532480,Si,2,-1.18,0.11,0.26,0.13
6175345867006532480,CaI,24,-1.16,0.07,0.28,0.03
6175345867006532480,ScII,6,-1.3,0.06,0.12,0.06
6175345867006532480,TiI,9,-1.17,0.09,0.28,0.02
6175345867006532480,TiII,17,-1.07,0.05,0.36,0.05
6175345867006532480,VI,3,-1.43,0.13,0.02,0.09
6175345867006532480,CrI,6,-1.47,0.09,-0.03,0.02
6175345867006532480,Mn,7,-1.72,0.11,-0.28,0.06
6175345867006532480,FeI,135,-1.44,0.08,0.0,0.02
6175345867006532480,FeII,8,-1.43,0.04,0.0,0.04
6175345867006532480,CoI,1,-1.02,0.19,0.42,0.16
6175345867006532480,NiI,10,-1.49,0.07,-0.04,0.05
6175345867006532480,ZnI,1,-1.42,0.16,0.03,0.17
6175345867006532480,Sr,2,-1.29,0.13,0.14,0.14
6175345867006532480,Y,6,-1.27,0.09,0.16,0.09
6175345867006532480,Zr,4,-0.94,0.11,0.49,0.11
6175345867006532480,Ba,4,-1.25,0.09,0.18,0.09
6175345867006532480,La,1,-1.01,0.16,0.42,0.16
6175345867006532480,Eu,2,-0.83,0.12,0.6,0.12
6264994650662003712,C,1,-1.98,0.18,0.35,0.13
6264994650662003712,Na,2,-2.59,0.11,0.08,0.07
6264994650662003712,Mg,3,-1.92,0.07,0.37,0.06
6264994650662003712,CaI,15,-1.95,0.06,0.37,0.04
6264994650662003712,ScII,4,-2.13,0.07,0.03,0.1
6264994650662003712,TiI,3,-1.92,0.09,0.41,0.06
6264994650662003712,TiII,11,-1.83,0.05,0.34,0.09
6264994650662003712,CrI,2,-2.44,0.11,-0.11,0.07
6264994650662003712,FeI,69,-2.33,0.07,0.0,0.02
6264994650662003712,FeII,6,-2.16,0.08,0.0,0.11
6264994650662003712,NiI,2,-2.23,0.09,0.1,0.07
6264994650662003712,ZnI,1,-2.12,0.1,0.21,0.1
6264994650662003712,Sr,1,-2.21,0.14,-0.05,0.15
6264994650662003712,Y,1,-2.24,0.11,-0.07,0.13
6264994650662003712,Ba,2,-2.51,0.09,-0.35,0.11
6334970766103389824,Li,1,2.7,0.11,4.91,0.1
6334970766103389824,C,1,-1.82,0.17,0.39,0.13
6334970766103389824,N,1,-0.92,0.18,1.3,0.13
6334970766103389824,Na,1,-1.18,0.1,1.19,0.1
6334970766103389824,Mg,5,-1.94,0.06,0.23,0.03
6334970766103389824,Al,2,-2.53,0.1,-0.78,0.07
6334970766103389824,Si,1,-2.12,0.13,0.1,0.1
6334970766103389824,CaI,17,-1.88,0.06,0.34,0.03
6334970766103389824,ScII,5,-2.03,0.06,0.03,0.06
6334970766103389824,TiI,3,-1.77,0.09,0.45,0.06
6334970766103389824,TiII,16,-1.7,0.04,0.36,0.04
6334970766103389824,CrI,3,-2.3,0.1,-0.08,0.06
6334970766103389824,Mn,3,-2.69,0.1,-0.47,0.06
6334970766103389824,FeI,88,-2.22,0.07,0.0,0.01
6334970766103389824,FeII,10,-2.06,0.03,0.0,0.03
6334970766103389824,CoI,1,-2.08,0.13,0.14,0.1
6334970766103389824,NiI,1,-2.39,0.12,-0.17,0.1
6334970766103389824,Sr,2,-2.24,0.12,-0.18,0.11
6334970766103389824,Y,1,-2.09,0.11,-0.03,0.1
6334970766103389824,Zr,2,-1.98,0.09,0.08,0.09
6334970766103389824,Ba,3,-2.43,0.08,-0.37,0.07
6382699260195307264,C,1,-1.14,0.2,0.27,0.17
6382699260195307264,Na,3,-1.56,0.11,0.24,0.09
6382699260195307264,Mg,7,-1.17,0.07,0.21,0.04
6382699260195307264,Al,2,-1.87,0.14,-0.95,0.11
6382699260195307264,Si,4,-1.16,0.11,0.25,0.1
6382699260195307264,CaI,23,-0.98,0.06,0.43,0.03
6382699260195307264,ScII,7,-1.17,0.07,0.14,0.06
6382699260195307264,TiI,6,-0.94,0.09,0.47,0.04
6382699260195307264,TiII,20,-0.93,0.07,0.39,0.07
6382699260195307264,VI,1,-1.32,0.17,0.09,0.15
6382699260195307264,CrI,5,-1.5,0.09,-0.09,0.05
6382699260195307264,Mn,7,-1.69,0.12,-0.29,0.09
6382699260195307264,FeI,114,-1.41,0.07,0.0,0.02
6382699260195307264,FeII,10,-1.31,0.05,0.0,0.05
6382699260195307264,CoI,1,-1.16,0.17,0.24,0.15
6382699260195307264,NiI,6,-1.48,0.06,-0.08,0.04
6382699260195307264,ZnI,1,-1.47,0.15,-0.06,0.15
6382699260195307264,Sr,1,-1.16,0.17,0.16,0.17
6382699260195307264,Y,6,-1.23,0.13,0.08,0.12
6382699260195307264,Zr,2,-1.01,0.11,0.3,0.11
6382699260195307264,Ba,4,-1.34,0.09,-0.03,0.08
6382699260195307264,Eu,1,-0.76,0.16,0.56,0.16
6434310817041300096,Li,1,1.3,0.12,3.3,0.1
6434310817041300096,C,1,-1.69,0.17,0.3,0.13
6434310817041300096,N,1,-1.82,0.18,0.17,0.13
6434310817041300096,Na,3,-2.41,0.09,-0.13,0.06
6434310817041300096,Mg,5,-1.93,0.06,0.02,0.02
6434310817041300096,Al,2,-2.67,0.1,-1.09,0.07
6434310817041300096,Si,1,-1.92,0.14,0.07,0.11
6434310817041300096,CaI,18,-1.85,0.06,0.14,0.03
6434310817041300096,ScII,3,-2.13,0.08,-0.18,0.07
6434310817041300096,TiI,4,-1.79,0.07,0.2,0.02
6434310817041300096,TiII,14,-1.79,0.05,0.17,0.04
6434310817041300096,CrI,6,-2.11,0.08,-0.12,0.03
6434310817041300096,Mn,5,-2.46,0.09,-0.47,0.04
6434310817041300096,FeI,112,-1.99,0.07,0.0,0.01
6434310817041300096,FeII,10,-1.96,0.03,0.0,0.03
6434310817041300096,CoI,1,-1.98,0.13,0.02,0.1
6434310817041300096,NiI,4,-2.31,0.07,-0.32,0.05
6434310817041300096,Sr,2,-2.03,0.12,-0.07,0.11
6434310817041300096,Y,3,-2.2,0.08,-0.24,0.07
6434310817041300096,Zr,1,-1.85,0.12,0.1,0.11
6434310817041300096,Ba,3,-2.14,0.08,-0.18,0.07
6557154165968534400,Li,1,0.98,0.16,2.7,0.15
6557154165968534400,C,1,-1.7,0.2,0.02,0.16
6557154165968534400,N,1,-2.49,0.2,-0.77,0.16
6557154165968534400,Na,3,-2.14,0.12,-0.21,0.09
6557154165968534400,Mg,3,-1.57,0.1,0.14,0.09
6557154165968534400,Al,2,-2.26,0.15,-0.85,0.11
6557154165968534400,Si,3,-1.53,0.09,0.18,0.1
6557154165968534400,CaI,23,-1.53,0.06,0.18,0.03
6557154165968534400,ScII,4,-1.74,0.07,-0.05,0.07
6557154165968534400,TiI,8,-1.56,0.09,0.16,0.03
6557154165968534400,TiII,18,-1.5,0.04,0.19,0.04
6557154165968534400,VI,1,-1.84,0.17,-0.13,0.15
6557154165968534400,CrI,6,-1.77,0.09,-0.06,0.02
6557154165968534400,Mn,8,-2.05,0.11,-0.33,0.06
6557154165968534400,FeI,140,-1.71,0.08,0.0,0.02
6557154165968534400,FeII,9,-1.69,0.03,0.0,0.03
6557154165968534400,CoI,1,-1.43,0.18,0.28,0.15
6557154165968534400,NiI,10,-1.83,0.07,-0.12,0.05
6557154165968534400,ZnI,1,-1.77,0.15,-0.06,0.16
6557154165968534400,Sr,2,-1.83,0.13,-0.14,0.13
6557154165968534400,Y,4,-1.97,0.05,-0.28,0.05
6557154165968534400,Zr,1,-1.66,0.16,0.03,0.16
6557154165968534400,Ba,4,-1.81,0.07,-0.13,0.07
6582557248259076096,C,1,-1.6,0.19,0.17,0.14
6582557248259076096,Na,3,-1.87,0.1,0.26,0.07
6582557248259076096,Mg,7,-1.47,0.06,0.26,0.03
6582557248259076096,Al,2,-2.26,0.12,-0.98,0.08
6582557248259076096,Si,5,-1.45,0.09,0.32,0.09
6582557248259076096,CaI,23,-1.36,0.05,0.4,0.03
6582557248259076096,ScII,7,-1.51,0.06,0.15,0.05
6582557248259076096,TiI,8,-1.42,0.08,0.35,0.04
6582557248259076096,TiII,21,-1.29,0.05,0.38,0.05
6582557248259076096,CrI,7,-1.88,0.08,-0.11,0.03
6582557248259076096,Mn,8,-2.11,0.09,-0.34,0.04
6582557248259076096,FeI,130,-1.77,0.07,0.0,0.01
6582557248259076096,FeII,10,-1.66,0.04,0.0,0.04
6582557248259076096,CoI,1,-1.62,0.14,0.15,0.12
6582557248259076096,NiI,9,-1.83,0.06,-0.06,0.04
6582557248259076096,ZnI,1,-1.72,0.12,0.05,0.12
6582557248259076096,Sr,2,-1.52,0.12,0.14,0.12
6582557248259076096,Y,6,-1.67,0.07,-0.0,0.07
6582557248259076096,Zr,3,-1.49,0.1,0.18,0.09
6582557248259076096,Ba,4,-1.67,0.07,-0.0,0.06
6582557248259076096,Eu,2,-1.23,0.1,0.43,0.1
6632335060231088896,Li,1,0.78,0.13,3.3,0.1
6632335060231088896,C,1,-2.18,0.2,0.34,0.14
6632335060231088896,N,1,-2.6,0.21,-0.08,0.14
6632335060231088896,Na,2,-2.66,0.12,0.23,0.08
6632335060231088896,Mg,5,-2.07,0.08,0.39,0.03
6632335060231088896,Al,2,-2.9,0.12,-0.92,0.07
6632335060231088896,Si,2,-2.05,0.1,0.47,0.07
6632335060231088896,CaI,20,-2.16,0.06,0.36,0.03
6632335060231088896,ScII,7,-2.37,0.06,0.06,0.05
6632335060231088896,TiI,7,-2.13,0.1,0.39,0.02
6632335060231088896,TiII,18,-2.09,0.05,0.35,0.05
6632335060231088896,CrI,4,-2.7,0.1,-0.17,0.02
6632335060231088896,Mn,4,-2.99,0.12,-0.47,0.07
6632335060231088896,FeI,116,-2.52,0.08,0.0,0.01
6632335060231088896,FeII,7,-2.44,0.04,0.0,0.04
6632335060231088896,CoI,1,-2.25,0.14,0.27,0.1
6632335060231088896,NiI,8,-2.53,0.07,-0.01,0.04
6632335060231088896,ZnI,1,-2.3,0.11,0.22,0.11
6632335060231088896,Sr,2,-2.4,0.13,0.03,0.13
6632335060231088896,Y,5,-2.51,0.08,-0.08,0.07
6632335060231088896,Zr,3,-2.16,0.09,0.28,0.09
6632335060231088896,Ba,4,-2.55,0.07,-0.12,0.06
6632335060231088896,Eu,2,-1.82,0.09,0.61,0.09
6643953840115817728,Li,1,1.18,0.15,2.32,0.13
6643953840115817728,C,1,-1.27,0.18,-0.14,0.14
6643953840115817728,Na,2,-1.43,0.11,-0.05,0.09
6643953840115817728,Mg,3,-0.97,0.09,0.16,0.08
6643953840115817728,Al,2,-1.92,0.13,-1.18,0.09
6643953840115817728,Si,6,-0.96,0.06,0.17,0.06
6643953840115817728,CaI,26,-0.91,0.07,0.22,0.03
6643953840115817728,ScII,7,-0.91,0.06,0.05,0.07
6643953840115817728,TiI,9,-1.02,0.09,0.11,0.03
6643953840115817728,TiII,21,-0.76,0.05,0.2,0.06
6643953840115817728,VI,2,-1.35,0.13,-0.21,0.09
6643953840115817728,CrI,7,-1.2,0.1,-0.06,0.04
6643953840115817728,Mn,8,-1.42,0.11,-0.29,0.06
6643953840115817728,FeI,148,-1.14,0.08,0.0,0.02
6643953840115817728,FeII,11,-0.96,0.06,0.0,0.06
6643953840115817728,CoI,1,-0.85,0.17,0.29,0.14
6643953840115817728,NiI,11,-1.26,0.08,-0.12,0.05
6643953840115817728,ZnI,1,-1.17,0.13,-0.03,0.14
6643953840115817728,Sr,2,-1.05,0.11,-0.09,0.12
6643953840115817728,Y,7,-0.92,0.11,0.03,0.11
6643953840115817728,Zr,3,-0.81,0.1,0.15,0.1
6643953840115817728,Ba,4,-0.83,0.12,0.12,0.12
6643953840115817728,La,1,-0.79,0.14,0.17,0.14
6643953840115817728,Eu,2,-0.54,0.1,0.42,0.11
6746114585056265600,Li,1,1.3,0.13,3.81,0.11
6746114585056265600,C,1,-1.99,0.19,0.52,0.14
6746114585056265600,Na,2,-2.76,0.11,-0.04,0.08
6746114585056265600,Mg,5,-2.12,0.07,0.35,0.03
6746114585056265600,Al,2,-2.81,0.11,-0.77,0.08
6746114585056265600,Si,1,-2.14,0.15,0.37,0.12
6746114585056265600,CaI,12,-2.23,0.06,0.29,0.04
6746114585056265600,ScII,1,-2.38,0.12,0.06,0.12
6746114585056265600,TiI,4,-2.05,0.1,0.46,0.07
6746114585056265600,TiII,8,-2.14,0.05,0.3,0.04
6746114585056265600,CrI,4,-2.71,0.09,-0.2,0.03
6746114585056265600,Mn,3,-2.99,0.11,-0.48,0.07
6746114585056265600,FeI,78,-2.51,0.07,0.0,0.02
6746114585056265600,FeII,5,-2.43,0.03,0.0,0.02
6746114585056265600,CoI,1,-2.15,0.14,0.37,0.11
6746114585056265600,NiI,1,-2.35,0.13,0.17,0.11
6746114585056265600,Sr,2,-2.5,0.12,-0.07,0.11
6746114585056265600,Ba,2,-2.63,0.1,-0.2,0.09
